trial,testing,parameters,initial_deadline,final_deadline,net_reward,actions,success
1,False,"{'a': 0.8, 'e': 0.99}",30,0,-174.31327771560333,"{0: 16, 1: 4, 2: 7, 3: 1, 4: 2}",0
2,False,"{'a': 0.8, 'e': 0.9801}",25,0,-157.35690807804002,"{0: 14, 1: 2, 2: 6, 3: 1, 4: 2}",0
3,False,"{'a': 0.8, 'e': 0.970299}",25,0,-94.40952459722932,"{0: 14, 1: 2, 2: 8, 3: 1, 4: 0}",0
4,False,"{'a': 0.8, 'e': 0.96059601}",20,0,-78.6770185411939,"{0: 14, 1: 1, 2: 3, 3: 1, 4: 1}",0
5,False,"{'a': 0.8, 'e': 0.9509900498999999}",25,0,-110.3258608326765,"{0: 12, 1: 1, 2: 12, 3: 0, 4: 0}",0
6,False,"{'a': 0.8, 'e': 0.941480149401}",20,0,-140.46022009539402,"{0: 11, 1: 3, 2: 2, 3: 2, 4: 2}",1
7,False,"{'a': 0.8, 'e': 0.9320653479069899}",35,0,-88.81974953046155,"{0: 23, 1: 5, 2: 5, 3: 2, 4: 0}",0
8,False,"{'a': 0.8, 'e': 0.9227446944279201}",30,1,-155.35679701167257,"{0: 18, 1: 1, 2: 7, 3: 1, 4: 2}",1
9,False,"{'a': 0.8, 'e': 0.9135172474836408}",20,0,-68.09112801277288,"{0: 10, 1: 4, 2: 6, 3: 0, 4: 0}",0
10,False,"{'a': 0.8, 'e': 0.9043820750088044}",20,0,-64.24884040428199,"{0: 12, 1: 0, 2: 8, 3: 0, 4: 0}",0
11,False,"{'a': 0.8, 'e': 0.8953382542587164}",35,0,-59.95760089730172,"{0: 25, 1: 2, 2: 8, 3: 0, 4: 0}",0
12,False,"{'a': 0.8, 'e': 0.8863848717161292}",25,20,9.75723605974579,"{0: 5, 1: 0, 2: 0, 3: 0, 4: 0}",1
13,False,"{'a': 0.8, 'e': 0.8775210229989678}",20,0,-74.63329907610269,"{0: 12, 1: 1, 2: 6, 3: 1, 4: 0}",0
14,False,"{'a': 0.8, 'e': 0.8687458127689782}",25,0,-125.67632232701983,"{0: 15, 1: 2, 2: 6, 3: 0, 4: 2}",0
15,False,"{'a': 0.8, 'e': 0.8600583546412884}",20,0,-69.39235401095758,"{0: 15, 1: 0, 2: 3, 3: 1, 4: 1}",0
16,False,"{'a': 0.8, 'e': 0.8514577710948755}",20,0,-161.68938444580326,"{0: 11, 1: 2, 2: 4, 3: 0, 4: 3}",0
17,False,"{'a': 0.8, 'e': 0.8429431933839268}",30,0,-151.94251661873133,"{0: 18, 1: 4, 2: 5, 3: 1, 4: 2}",0
18,False,"{'a': 0.8, 'e': 0.8345137614500875}",20,0,-109.66599891705536,"{0: 11, 1: 3, 2: 3, 3: 2, 4: 1}",0
19,False,"{'a': 0.8, 'e': 0.8261686238355866}",20,0,-92.45319099950896,"{0: 16, 1: 0, 2: 1, 3: 1, 4: 2}",0
20,False,"{'a': 0.8, 'e': 0.8179069375972308}",30,0,-92.23765245224442,"{0: 19, 1: 0, 2: 10, 3: 1, 4: 0}",0
21,False,"{'a': 0.8, 'e': 0.8097278682212584}",20,0,-58.315185708952725,"{0: 14, 1: 1, 2: 3, 3: 2, 4: 0}",0
22,False,"{'a': 0.8, 'e': 0.8016305895390459}",30,0,-40.15795720738138,"{0: 25, 1: 2, 2: 2, 3: 0, 4: 1}",0
23,False,"{'a': 0.8, 'e': 0.7936142836436554}",30,0,-30.643571103069835,"{0: 24, 1: 1, 2: 4, 3: 1, 4: 0}",0
24,False,"{'a': 0.8, 'e': 0.7856781408072188}",20,0,-212.0701610683644,"{0: 7, 1: 2, 2: 7, 3: 1, 4: 3}",0
25,False,"{'a': 0.8, 'e': 0.7778213593991467}",25,0,-32.473911100098924,"{0: 19, 1: 2, 2: 3, 3: 1, 4: 0}",0
26,False,"{'a': 0.8, 'e': 0.7700431458051551}",30,0,-61.21158844526514,"{0: 23, 1: 3, 2: 3, 3: 0, 4: 1}",0
27,False,"{'a': 0.8, 'e': 0.7623427143471035}",20,0,-86.62848320379766,"{0: 15, 1: 0, 2: 3, 3: 0, 4: 2}",0
28,False,"{'a': 0.8, 'e': 0.7547192872036326}",20,0,-95.5477410598703,"{0: 11, 1: 3, 2: 4, 3: 1, 4: 1}",0
29,False,"{'a': 0.8, 'e': 0.7471720943315961}",20,0,-55.28155652441743,"{0: 16, 1: 1, 2: 1, 3: 1, 4: 1}",0
30,False,"{'a': 0.8, 'e': 0.7397003733882802}",35,12,-79.94004572740548,"{0: 15, 1: 2, 2: 3, 3: 3, 4: 0}",1
31,False,"{'a': 0.8, 'e': 0.7323033696543975}",20,0,-44.647094118268136,"{0: 16, 1: 1, 2: 2, 3: 0, 4: 1}",0
32,False,"{'a': 0.8, 'e': 0.7249803359578534}",30,8,-38.477305462660865,"{0: 16, 1: 0, 2: 6, 3: 0, 4: 0}",1
33,False,"{'a': 0.8, 'e': 0.7177305325982749}",20,0,-92.0976853789802,"{0: 14, 1: 2, 2: 2, 3: 0, 4: 2}",0
34,False,"{'a': 0.8, 'e': 0.7105532272722921}",20,0,-48.40332899957744,"{0: 17, 1: 0, 2: 1, 3: 1, 4: 1}",0
35,False,"{'a': 0.8, 'e': 0.7034476949995692}",25,0,-143.5385888753898,"{0: 17, 1: 2, 2: 3, 3: 0, 4: 3}",0
36,False,"{'a': 0.8, 'e': 0.6964132180495735}",20,0,-96.21541645863525,"{0: 14, 1: 1, 2: 3, 3: 0, 4: 2}",0
37,False,"{'a': 0.8, 'e': 0.6894490858690777}",20,0,-35.53335070929087,"{0: 13, 1: 3, 2: 4, 3: 0, 4: 0}",0
38,False,"{'a': 0.8, 'e': 0.682554595010387}",20,0,-77.84527316187624,"{0: 16, 1: 0, 2: 2, 3: 0, 4: 2}",0
39,False,"{'a': 0.8, 'e': 0.6757290490602831}",30,24,10.385479763868574,"{0: 6, 1: 0, 2: 0, 3: 0, 4: 0}",1
40,False,"{'a': 0.8, 'e': 0.6689717585696803}",20,0,-37.14071234630591,"{0: 16, 1: 0, 2: 2, 3: 2, 4: 0}",0
41,False,"{'a': 0.8, 'e': 0.6622820409839835}",20,0,-38.655852519279186,"{0: 17, 1: 0, 2: 2, 3: 0, 4: 1}",0
42,False,"{'a': 0.8, 'e': 0.6556592205741436}",30,0,-77.64618445620113,"{0: 24, 1: 3, 2: 1, 3: 0, 4: 2}",0
43,False,"{'a': 0.8, 'e': 0.6491026283684022}",20,7,2.3497405752296663,"{0: 11, 1: 1, 2: 1, 3: 0, 4: 0}",1
44,False,"{'a': 0.8, 'e': 0.6426116020847181}",30,0,-41.790403273916404,"{0: 22, 1: 2, 2: 6, 3: 0, 4: 0}",0
45,False,"{'a': 0.8, 'e': 0.6361854860638709}",20,0,-18.192421271659104,"{0: 16, 1: 0, 2: 4, 3: 0, 4: 0}",0
46,False,"{'a': 0.8, 'e': 0.6298236312032323}",25,0,-106.3961281758055,"{0: 16, 1: 1, 2: 6, 3: 1, 4: 1}",0
47,False,"{'a': 0.8, 'e': 0.6235253948912}",20,14,-2.3142998238236743,"{0: 5, 1: 0, 2: 1, 3: 0, 4: 0}",1
48,False,"{'a': 0.8, 'e': 0.617290140942288}",30,0,-22.694097526536016,"{0: 24, 1: 0, 2: 6, 3: 0, 4: 0}",0
49,False,"{'a': 0.8, 'e': 0.611117239532865}",20,0,-69.60834285059434,"{0: 13, 1: 3, 2: 3, 3: 0, 4: 1}",0
50,False,"{'a': 0.8, 'e': 0.6050060671375364}",20,14,-1.8671709881800942,"{0: 4, 1: 2, 2: 0, 3: 0, 4: 0}",1
51,False,"{'a': 0.8, 'e': 0.598956006466161}",30,0,-3.4950732458510494,"{0: 26, 1: 3, 2: 0, 3: 1, 4: 0}",0
52,False,"{'a': 0.8, 'e': 0.5929664464014994}",20,3,-4.529888393702603,"{0: 14, 1: 1, 2: 2, 3: 0, 4: 0}",1
53,False,"{'a': 0.8, 'e': 0.5870367819374844}",20,5,-15.71339018678553,"{0: 14, 1: 0, 2: 0, 3: 0, 4: 1}",1
54,False,"{'a': 0.8, 'e': 0.5811664141181095}",25,7,-32.031668910001166,"{0: 15, 1: 1, 2: 1, 3: 0, 4: 1}",1
55,False,"{'a': 0.8, 'e': 0.5753547499769285}",25,0,-72.45293494403766,"{0: 17, 1: 3, 2: 4, 3: 0, 4: 1}",0
56,False,"{'a': 0.8, 'e': 0.5696012024771592}",30,18,23.596535887894,"{0: 12, 1: 0, 2: 0, 3: 0, 4: 0}",1
57,False,"{'a': 0.8, 'e': 0.5639051904523875}",30,9,-66.92718533717485,"{0: 15, 1: 2, 2: 2, 3: 1, 4: 1}",1
58,False,"{'a': 0.8, 'e': 0.5582661385478637}",25,0,-73.32334152092139,"{0: 19, 1: 1, 2: 2, 3: 2, 4: 1}",0
59,False,"{'a': 0.8, 'e': 0.5526834771623851}",30,0,-57.947072946637626,"{0: 22, 1: 3, 2: 3, 3: 2, 4: 0}",0
60,False,"{'a': 0.8, 'e': 0.5471566423907612}",25,14,-7.625215833608348,"{0: 8, 1: 1, 2: 2, 3: 0, 4: 0}",1
61,False,"{'a': 0.8, 'e': 0.5416850759668536}",25,0,-23.755054439641597,"{0: 19, 1: 3, 2: 3, 3: 0, 4: 0}",0
62,False,"{'a': 0.8, 'e': 0.536268225207185}",30,6,-18.74343562510959,"{0: 19, 1: 1, 2: 4, 3: 0, 4: 0}",1
63,False,"{'a': 0.8, 'e': 0.5309055429551132}",25,0,-147.85846638215745,"{0: 17, 1: 0, 2: 5, 3: 0, 4: 3}",0
64,False,"{'a': 0.8, 'e': 0.525596487525562}",25,6,-41.78447996650054,"{0: 13, 1: 2, 2: 3, 3: 1, 4: 0}",1
65,False,"{'a': 0.8, 'e': 0.5203405226503064}",20,0,-64.30467144220037,"{0: 14, 1: 0, 2: 3, 3: 3, 4: 0}",0
66,False,"{'a': 0.8, 'e': 0.5151371174238033}",30,6,-49.762921026307815,"{0: 19, 1: 2, 2: 1, 3: 1, 4: 1}",1
67,False,"{'a': 0.8, 'e': 0.5099857462495653}",20,2,-22.801099184067656,"{0: 13, 1: 1, 2: 4, 3: 0, 4: 0}",1
68,False,"{'a': 0.8, 'e': 0.5048858887870696}",30,0,-138.92468074268407,"{0: 23, 1: 1, 2: 2, 3: 1, 4: 3}",0
69,False,"{'a': 0.8, 'e': 0.4998370298991989}",20,0,-31.84675515576968,"{0: 16, 1: 1, 2: 1, 3: 2, 4: 0}",0
70,False,"{'a': 0.8, 'e': 0.49483865960020695}",30,0,-35.127176793869694,"{0: 24, 1: 1, 2: 4, 3: 1, 4: 0}",0
71,False,"{'a': 0.8, 'e': 0.4898902730042049}",25,0,-33.663891846467735,"{0: 20, 1: 1, 2: 2, 3: 2, 4: 0}",0
72,False,"{'a': 0.8, 'e': 0.48499137027416284}",20,0,-63.349628111511855,"{0: 15, 1: 0, 2: 4, 3: 0, 4: 1}",0
73,False,"{'a': 0.8, 'e': 0.4801414565714212}",20,0,-122.08432580195357,"{0: 11, 1: 3, 2: 4, 3: 0, 4: 2}",0
74,False,"{'a': 0.8, 'e': 0.47534004200570695}",20,2,-31.085443637328613,"{0: 15, 1: 1, 2: 1, 3: 0, 4: 1}",1
75,False,"{'a': 0.8, 'e': 0.4705866415856499}",25,0,2.932518582043656,"{0: 22, 1: 0, 2: 3, 3: 0, 4: 0}",0
76,False,"{'a': 0.8, 'e': 0.46588077516979337}",25,0,-55.73920065843196,"{0: 19, 1: 1, 2: 2, 3: 3, 4: 0}",0
77,False,"{'a': 0.8, 'e': 0.46122196741809546}",30,0,-37.9959910538393,"{0: 25, 1: 0, 2: 3, 3: 2, 4: 0}",0
78,False,"{'a': 0.8, 'e': 0.4566097477439145}",30,7,-36.53455508098607,"{0: 19, 1: 1, 2: 2, 3: 0, 4: 1}",1
79,False,"{'a': 0.8, 'e': 0.45204365026647536}",30,2,-85.64643000518099,"{0: 21, 1: 1, 2: 3, 3: 2, 4: 1}",1
80,False,"{'a': 0.8, 'e': 0.4475232137638106}",25,0,-28.238776051178192,"{0: 19, 1: 1, 2: 5, 3: 0, 4: 0}",0
81,False,"{'a': 0.8, 'e': 0.4430479816261725}",25,4,-56.3478574818759,"{0: 14, 1: 4, 2: 2, 3: 0, 4: 1}",1
82,False,"{'a': 0.8, 'e': 0.43861750180991077}",25,11,-7.099362586252635,"{0: 11, 1: 1, 2: 2, 3: 0, 4: 0}",1
83,False,"{'a': 0.8, 'e': 0.43423132679181164}",20,0,-20.80895516318867,"{0: 16, 1: 1, 2: 3, 3: 0, 4: 0}",1
84,False,"{'a': 0.8, 'e': 0.4298890135238935}",35,0,-41.05563512274367,"{0: 28, 1: 1, 2: 5, 3: 1, 4: 0}",0
85,False,"{'a': 0.8, 'e': 0.4255901233886546}",20,0,4.720978151374931,"{0: 18, 1: 0, 2: 2, 3: 0, 4: 0}",0
86,False,"{'a': 0.8, 'e': 0.421334222154768}",25,6,2.2107061773291727,"{0: 16, 1: 2, 2: 1, 3: 0, 4: 0}",1
87,False,"{'a': 0.8, 'e': 0.41712087993322033}",25,0,13.494318661234493,"{0: 23, 1: 1, 2: 1, 3: 0, 4: 0}",0
88,False,"{'a': 0.8, 'e': 0.41294967113388814}",20,6,29.215397836222465,"{0: 14, 1: 0, 2: 0, 3: 0, 4: 0}",1
89,False,"{'a': 0.8, 'e': 0.40882017442254925}",20,0,-53.61840759129836,"{0: 14, 1: 0, 2: 5, 3: 1, 4: 0}",0
90,False,"{'a': 0.8, 'e': 0.4047319726783238}",25,0,-32.01916905831039,"{0: 22, 1: 0, 2: 2, 3: 0, 4: 1}",0
91,False,"{'a': 0.8, 'e': 0.40068465295154054}",25,0,17.390470266206446,"{0: 23, 1: 0, 2: 2, 3: 0, 4: 0}",0
92,False,"{'a': 0.8, 'e': 0.3966778064220251}",25,16,2.3155701136502245,"{0: 8, 1: 0, 2: 1, 3: 0, 4: 0}",1
93,False,"{'a': 0.8, 'e': 0.39271102835780486}",25,13,20.894293272632467,"{0: 12, 1: 0, 2: 0, 3: 0, 4: 0}",1
94,False,"{'a': 0.8, 'e': 0.3887839180742268}",25,0,4.479025635832599,"{0: 22, 1: 0, 2: 3, 3: 0, 4: 0}",0
95,False,"{'a': 0.8, 'e': 0.38489607889348454}",20,0,-50.173257583955994,"{0: 18, 1: 0, 2: 0, 3: 0, 4: 2}",0
96,False,"{'a': 0.8, 'e': 0.38104711810454966}",25,11,-41.24215511448143,"{0: 12, 1: 0, 2: 0, 3: 1, 4: 1}",1
97,False,"{'a': 0.8, 'e': 0.37723664692350417}",30,0,13.105402343983009,"{0: 26, 1: 2, 2: 2, 3: 0, 4: 0}",0
98,False,"{'a': 0.8, 'e': 0.37346428045426916}",25,6,-46.5250950202284,"{0: 13, 1: 0, 2: 5, 3: 1, 4: 0}",1
99,False,"{'a': 0.8, 'e': 0.36972963764972644}",20,8,11.477249947129629,"{0: 11, 1: 0, 2: 1, 3: 0, 4: 0}",1
100,False,"{'a': 0.8, 'e': 0.3660323412732292}",30,7,-5.892077008844525,"{0: 21, 1: 1, 2: 0, 3: 0, 4: 1}",1
101,False,"{'a': 0.8, 'e': 0.3623720178604969}",30,19,-0.8450739612989222,"{0: 10, 1: 0, 2: 0, 3: 1, 4: 0}",1
102,False,"{'a': 0.8, 'e': 0.3587482976818919}",30,13,3.837261102624759,"{0: 14, 1: 2, 2: 1, 3: 0, 4: 0}",1
103,False,"{'a': 0.8, 'e': 0.355160814705073}",25,0,15.175135015810874,"{0: 23, 1: 1, 2: 1, 3: 0, 4: 0}",0
104,False,"{'a': 0.8, 'e': 0.35160920655802225}",20,0,-18.51940562218282,"{0: 15, 1: 3, 2: 2, 3: 0, 4: 0}",0
105,False,"{'a': 0.8, 'e': 0.348093114492442}",20,2,21.484159337441593,"{0: 17, 1: 1, 2: 0, 3: 0, 4: 0}",1
106,False,"{'a': 0.8, 'e': 0.3446121833475176}",35,17,30.207517773100577,"{0: 18, 1: 0, 2: 0, 3: 0, 4: 0}",1
107,False,"{'a': 0.8, 'e': 0.34116606151404244}",20,3,7.653838134984054,"{0: 15, 1: 1, 2: 1, 3: 0, 4: 0}",1
108,False,"{'a': 0.8, 'e': 0.337754400898902}",25,0,-44.03819640744206,"{0: 21, 1: 0, 2: 3, 3: 0, 4: 1}",0
109,False,"{'a': 0.8, 'e': 0.334376856889913}",20,8,18.901682252811955,"{0: 12, 1: 0, 2: 0, 3: 0, 4: 0}",1
110,False,"{'a': 0.8, 'e': 0.33103308832101386}",30,14,21.107313329251543,"{0: 15, 1: 1, 2: 0, 3: 0, 4: 0}",1
111,False,"{'a': 0.8, 'e': 0.3277227574378037}",25,7,3.3616988031117208,"{0: 17, 1: 0, 2: 0, 3: 1, 4: 0}",1
112,False,"{'a': 0.8, 'e': 0.3244455298634257}",30,8,-6.615326685534458,"{0: 21, 1: 0, 2: 0, 3: 0, 4: 1}",1
113,False,"{'a': 0.8, 'e': 0.3212010745647914}",30,0,-32.55217407862013,"{0: 27, 1: 1, 2: 0, 3: 1, 4: 1}",0
114,False,"{'a': 0.8, 'e': 0.3179890638191435}",20,0,-70.5356753638226,"{0: 16, 1: 0, 2: 2, 3: 0, 4: 2}",0
115,False,"{'a': 0.8, 'e': 0.31480917318095203}",25,0,10.286204714471864,"{0: 22, 1: 2, 2: 1, 3: 0, 4: 0}",0
116,False,"{'a': 0.8, 'e': 0.3116610814491425}",20,6,26.83158856613059,"{0: 14, 1: 0, 2: 0, 3: 0, 4: 0}",1
117,False,"{'a': 0.8, 'e': 0.30854447063465107}",25,7,29.175918191066227,"{0: 18, 1: 0, 2: 0, 3: 0, 4: 0}",1
118,False,"{'a': 0.8, 'e': 0.3054590259283046}",20,10,17.869292643418266,"{0: 10, 1: 0, 2: 0, 3: 0, 4: 0}",1
119,False,"{'a': 0.8, 'e': 0.30240443566902153}",20,11,-47.16750434010431,"{0: 6, 1: 0, 2: 2, 3: 0, 4: 1}",1
120,False,"{'a': 0.8, 'e': 0.2993803913123313}",20,4,-62.2112700877984,"{0: 11, 1: 1, 2: 2, 3: 1, 4: 1}",1
121,False,"{'a': 0.8, 'e': 0.296386587399208}",25,5,-55.68869083185862,"{0: 14, 1: 0, 2: 4, 3: 2, 4: 0}",1
122,False,"{'a': 0.8, 'e': 0.2934227215252159}",20,0,24.82035500207907,"{0: 19, 1: 1, 2: 0, 3: 0, 4: 0}",0
123,False,"{'a': 0.8, 'e': 0.29048849430996376}",25,0,-69.67993685873994,"{0: 20, 1: 3, 2: 0, 3: 0, 4: 2}",0
124,False,"{'a': 0.8, 'e': 0.2875836093668641}",30,0,16.58261562466252,"{0: 27, 1: 1, 2: 2, 3: 0, 4: 0}",0
125,False,"{'a': 0.8, 'e': 0.28470777327319546}",25,10,21.679522476501536,"{0: 14, 1: 1, 2: 0, 3: 0, 4: 0}",1
126,False,"{'a': 0.8, 'e': 0.2818606955404635}",20,0,-57.59898626014752,"{0: 17, 1: 0, 2: 0, 3: 2, 4: 1}",0
127,False,"{'a': 0.8, 'e': 0.27904208858505886}",25,0,41.25806120248675,"{0: 25, 1: 0, 2: 0, 3: 0, 4: 0}",0
128,False,"{'a': 0.8, 'e': 0.2762516676992083}",25,0,-107.4506936334258,"{0: 17, 1: 3, 2: 2, 3: 1, 4: 2}",0
129,False,"{'a': 0.8, 'e': 0.2734891510222162}",20,0,9.212835238393833,"{0: 18, 1: 0, 2: 2, 3: 0, 4: 0}",0
130,False,"{'a': 0.8, 'e': 0.27075425951199406}",20,0,19.98995039378619,"{0: 19, 1: 0, 2: 1, 3: 0, 4: 0}",0
131,False,"{'a': 0.8, 'e': 0.2680467169168741}",35,15,21.079977864631235,"{0: 18, 1: 2, 2: 0, 3: 0, 4: 0}",1
132,False,"{'a': 0.8, 'e': 0.26536624974770534}",30,15,5.364054363291619,"{0: 13, 1: 1, 2: 1, 3: 0, 4: 0}",1
133,False,"{'a': 0.8, 'e': 0.2627125872502283}",25,17,15.042761924598203,"{0: 8, 1: 0, 2: 0, 3: 0, 4: 0}",1
134,False,"{'a': 0.8, 'e': 0.26008546137772603}",35,20,3.0685454981624942,"{0: 13, 1: 0, 2: 2, 3: 0, 4: 0}",1
135,False,"{'a': 0.8, 'e': 0.25748460676394874}",30,18,20.38676468138838,"{0: 12, 1: 0, 2: 0, 3: 0, 4: 0}",1
136,False,"{'a': 0.8, 'e': 0.2549097606963093}",25,0,4.713625422029962,"{0: 22, 1: 1, 2: 2, 3: 0, 4: 0}",0
137,False,"{'a': 0.8, 'e': 0.2523606630893462}",20,9,10.329455975238565,"{0: 10, 1: 0, 2: 1, 3: 0, 4: 0}",1
138,False,"{'a': 0.8, 'e': 0.2498370564584527}",20,4,6.885280192004657,"{0: 14, 1: 1, 2: 1, 3: 0, 4: 0}",1
139,False,"{'a': 0.8, 'e': 0.24733868589386818}",35,3,9.311834178934706,"{0: 28, 1: 1, 2: 3, 3: 0, 4: 0}",1
140,False,"{'a': 0.8, 'e': 0.24486529903492948}",20,13,13.990086151973369,"{0: 7, 1: 0, 2: 0, 3: 0, 4: 0}",1
141,False,"{'a': 0.8, 'e': 0.2424166460445802}",25,0,18.05458380319422,"{0: 23, 1: 1, 2: 1, 3: 0, 4: 0}",0
142,False,"{'a': 0.8, 'e': 0.2399924795841344}",20,9,-31.547537594288613,"{0: 9, 1: 1, 2: 0, 3: 0, 4: 1}",1
143,False,"{'a': 0.8, 'e': 0.23759255478829303}",35,16,11.884375321619418,"{0: 17, 1: 0, 2: 2, 3: 0, 4: 0}",1
144,False,"{'a': 0.8, 'e': 0.23521662924041012}",25,13,19.996105972427387,"{0: 12, 1: 0, 2: 0, 3: 0, 4: 0}",1
145,False,"{'a': 0.8, 'e': 0.232864462948006}",25,15,-3.9180320602333087,"{0: 9, 1: 0, 2: 0, 3: 1, 4: 0}",1
146,False,"{'a': 0.8, 'e': 0.23053581831852593}",25,0,-7.517795271237266,"{0: 21, 1: 1, 2: 3, 3: 0, 4: 0}",0
147,False,"{'a': 0.8, 'e': 0.22823046013534068}",25,0,-23.017478528033546,"{0: 22, 1: 0, 2: 2, 3: 0, 4: 1}",0
148,False,"{'a': 0.8, 'e': 0.22594815553398728}",25,5,-80.6187119269038,"{0: 16, 1: 1, 2: 0, 3: 1, 4: 2}",1
149,False,"{'a': 0.8, 'e': 0.2236886739786474}",20,0,15.463498704186145,"{0: 19, 1: 0, 2: 1, 3: 0, 4: 0}",0
150,False,"{'a': 0.8, 'e': 0.22145178723886091}",20,1,21.93170403055268,"{0: 19, 1: 0, 2: 0, 3: 0, 4: 0}",1
151,False,"{'a': 0.8, 'e': 0.2192372693664723}",30,3,-15.906014701133579,"{0: 24, 1: 1, 2: 1, 3: 0, 4: 1}",1
152,False,"{'a': 0.8, 'e': 0.21704489667280757}",20,5,21.413847185627542,"{0: 14, 1: 1, 2: 0, 3: 0, 4: 0}",1
153,False,"{'a': 0.8, 'e': 0.2148744477060795}",20,13,11.108261671137406,"{0: 7, 1: 0, 2: 0, 3: 0, 4: 0}",1
154,False,"{'a': 0.8, 'e': 0.2127257032290187}",20,7,-27.229013193135355,"{0: 8, 1: 1, 2: 4, 3: 0, 4: 0}",1
155,False,"{'a': 0.8, 'e': 0.21059844619672852}",25,11,28.373335035844136,"{0: 14, 1: 0, 2: 0, 3: 0, 4: 0}",1
156,False,"{'a': 0.8, 'e': 0.20849246173476124}",20,9,-3.1538399296479938,"{0: 9, 1: 0, 2: 2, 3: 0, 4: 0}",1
157,False,"{'a': 0.8, 'e': 0.2064075371174136}",20,4,18.79109239475557,"{0: 15, 1: 0, 2: 1, 3: 0, 4: 0}",1
158,False,"{'a': 0.8, 'e': 0.2043434617462395}",20,3,-16.672720629040906,"{0: 16, 1: 0, 2: 0, 3: 0, 4: 1}",1
159,False,"{'a': 0.8, 'e': 0.2023000271287771}",20,9,17.1889473447853,"{0: 11, 1: 0, 2: 0, 3: 0, 4: 0}",1
160,False,"{'a': 0.8, 'e': 0.2002770268574893}",30,2,-38.017275672093454,"{0: 24, 1: 1, 2: 1, 3: 1, 4: 1}",1
161,False,"{'a': 0.8, 'e': 0.19827425658891443}",25,1,-1.7332386468012952,"{0: 23, 1: 0, 2: 0, 3: 0, 4: 1}",1
162,False,"{'a': 0.8, 'e': 0.19629151402302528}",20,16,6.185855704779095,"{0: 4, 1: 0, 2: 0, 3: 0, 4: 0}",1
163,False,"{'a': 0.8, 'e': 0.19432859888279502}",30,0,22.76614180969758,"{0: 28, 1: 0, 2: 2, 3: 0, 4: 0}",1
164,False,"{'a': 0.8, 'e': 0.19238531289396707}",25,20,9.695662227817222,"{0: 5, 1: 0, 2: 0, 3: 0, 4: 0}",1
165,False,"{'a': 0.8, 'e': 0.1904614597650274}",25,16,10.672536744851932,"{0: 8, 1: 1, 2: 0, 3: 0, 4: 0}",1
166,False,"{'a': 0.8, 'e': 0.1885568451673771}",25,16,12.321441453556194,"{0: 9, 1: 0, 2: 0, 3: 0, 4: 0}",1
167,False,"{'a': 0.8, 'e': 0.18667127671570335}",20,8,8.566943026229016,"{0: 11, 1: 0, 2: 1, 3: 0, 4: 0}",1
168,False,"{'a': 0.8, 'e': 0.1848045639485463}",25,13,17.642308589477388,"{0: 11, 1: 1, 2: 0, 3: 0, 4: 0}",1
169,False,"{'a': 0.8, 'e': 0.18295651830906084}",25,0,-85.05346963463658,"{0: 20, 1: 0, 2: 3, 3: 0, 4: 2}",0
170,False,"{'a': 0.8, 'e': 0.18112695312597024}",25,13,-19.717179073868138,"{0: 11, 1: 0, 2: 0, 3: 0, 4: 1}",1
171,False,"{'a': 0.8, 'e': 0.17931568359471053}",20,16,7.162903140018862,"{0: 4, 1: 0, 2: 0, 3: 0, 4: 0}",1
172,False,"{'a': 0.8, 'e': 0.17752252675876343}",20,7,28.134076543241886,"{0: 13, 1: 0, 2: 0, 3: 0, 4: 0}",1
173,False,"{'a': 0.8, 'e': 0.1757473014911758}",20,0,20.198609943746945,"{0: 19, 1: 0, 2: 1, 3: 0, 4: 0}",0
174,False,"{'a': 0.8, 'e': 0.173989828476264}",20,12,13.821802162270938,"{0: 8, 1: 0, 2: 0, 3: 0, 4: 0}",1
175,False,"{'a': 0.8, 'e': 0.1722499301915014}",30,12,28.924021210937024,"{0: 18, 1: 0, 2: 0, 3: 0, 4: 0}",1
176,False,"{'a': 0.8, 'e': 0.17052743088958636}",25,11,27.687759773470493,"{0: 14, 1: 0, 2: 0, 3: 0, 4: 0}",1
177,False,"{'a': 0.8, 'e': 0.1688221565806905}",20,8,20.905033474039058,"{0: 12, 1: 0, 2: 0, 3: 0, 4: 0}",1
178,False,"{'a': 0.8, 'e': 0.1671339350148836}",20,7,21.929606381070183,"{0: 13, 1: 0, 2: 0, 3: 0, 4: 0}",1
179,False,"{'a': 0.8, 'e': 0.16546259566473476}",20,13,13.897172294557505,"{0: 7, 1: 0, 2: 0, 3: 0, 4: 0}",1
180,False,"{'a': 0.8, 'e': 0.16380796970808742}",30,12,22.311762886859967,"{0: 17, 1: 0, 2: 1, 3: 0, 4: 0}",1
181,False,"{'a': 0.8, 'e': 0.16216989001100654}",20,13,3.9088345476344153,"{0: 6, 1: 0, 2: 1, 3: 0, 4: 0}",1
182,False,"{'a': 0.8, 'e': 0.16054819111089647}",20,13,14.089023264932344,"{0: 7, 1: 0, 2: 0, 3: 0, 4: 0}",1
183,False,"{'a': 0.8, 'e': 0.1589427091997875}",25,2,28.909426052606847,"{0: 22, 1: 0, 2: 1, 3: 0, 4: 0}",1
184,False,"{'a': 0.8, 'e': 0.15735328210778962}",25,8,-12.13124420044829,"{0: 16, 1: 0, 2: 0, 3: 0, 4: 1}",1
185,False,"{'a': 0.8, 'e': 0.15577974928671173}",20,10,7.625659287892715,"{0: 9, 1: 1, 2: 0, 3: 0, 4: 0}",1
186,False,"{'a': 0.8, 'e': 0.1542219517938446}",25,6,33.91243446015099,"{0: 19, 1: 0, 2: 0, 3: 0, 4: 0}",1
187,False,"{'a': 0.8, 'e': 0.15267973227590617}",25,0,15.905900047305238,"{0: 22, 1: 2, 2: 1, 3: 0, 4: 0}",0
188,False,"{'a': 0.8, 'e': 0.1511529349531471}",25,0,-26.516989669158086,"{0: 23, 1: 0, 2: 0, 3: 1, 4: 1}",0
189,False,"{'a': 0.8, 'e': 0.14964140560361563}",25,0,-0.1211017396931715,"{0: 22, 1: 1, 2: 1, 3: 1, 4: 0}",0
190,False,"{'a': 0.8, 'e': 0.14814499154757946}",20,6,-16.550322009125985,"{0: 13, 1: 0, 2: 0, 3: 0, 4: 1}",1
191,False,"{'a': 0.8, 'e': 0.14666354163210368}",25,11,1.2673855417674793,"{0: 12, 1: 0, 2: 2, 3: 0, 4: 0}",1
192,False,"{'a': 0.8, 'e': 0.14519690621578263}",30,16,-30.2756979987633,"{0: 12, 1: 0, 2: 1, 3: 0, 4: 1}",1
193,False,"{'a': 0.8, 'e': 0.1437449371536248}",20,0,1.3426324870993982,"{0: 17, 1: 1, 2: 2, 3: 0, 4: 0}",0
194,False,"{'a': 0.8, 'e': 0.14230748778208857}",25,6,30.65355759515601,"{0: 18, 1: 1, 2: 0, 3: 0, 4: 0}",1
195,False,"{'a': 0.8, 'e': 0.14088441290426768}",20,0,9.891840570050864,"{0: 19, 1: 0, 2: 0, 3: 1, 4: 0}",0
196,False,"{'a': 0.8, 'e': 0.139475568775225}",30,16,-70.32581052643346,"{0: 11, 1: 0, 2: 1, 3: 0, 4: 2}",1
197,False,"{'a': 0.8, 'e': 0.13808081308747275}",20,9,19.42671390010719,"{0: 11, 1: 0, 2: 0, 3: 0, 4: 0}",1
198,False,"{'a': 0.8, 'e': 0.136700004956598}",30,0,29.902573466996284,"{0: 29, 1: 0, 2: 1, 3: 0, 4: 0}",0
199,False,"{'a': 0.8, 'e': 0.13533300490703204}",20,12,16.742953006308497,"{0: 8, 1: 0, 2: 0, 3: 0, 4: 0}",1
200,False,"{'a': 0.8, 'e': 0.13397967485796172}",25,0,20.751870757329154,"{0: 23, 1: 0, 2: 2, 3: 0, 4: 0}",0
201,False,"{'a': 0.8, 'e': 0.1326398781093821}",25,11,15.134447032800402,"{0: 13, 1: 1, 2: 0, 3: 0, 4: 0}",1
202,False,"{'a': 0.8, 'e': 0.13131347932828827}",25,11,29.428349498505096,"{0: 14, 1: 0, 2: 0, 3: 0, 4: 0}",1
203,False,"{'a': 0.8, 'e': 0.1300003445350054}",30,22,19.10445288623126,"{0: 8, 1: 0, 2: 0, 3: 0, 4: 0}",1
204,False,"{'a': 0.8, 'e': 0.12870034108965533}",25,1,30.42932077152589,"{0: 23, 1: 1, 2: 0, 3: 0, 4: 0}",1
205,False,"{'a': 0.8, 'e': 0.1274133376787588}",25,6,14.115437585670579,"{0: 18, 1: 0, 2: 0, 3: 1, 4: 0}",1
206,False,"{'a': 0.8, 'e': 0.12613920430197118}",20,8,-2.3547261068645673,"{0: 11, 1: 0, 2: 0, 3: 1, 4: 0}",1
207,False,"{'a': 0.8, 'e': 0.12487781225895148}",25,4,22.016542727388057,"{0: 20, 1: 0, 2: 1, 3: 0, 4: 0}",1
208,False,"{'a': 0.8, 'e': 0.12362903413636196}",20,9,20.364992225218028,"{0: 11, 1: 0, 2: 0, 3: 0, 4: 0}",1
209,False,"{'a': 0.8, 'e': 0.12239274379499834}",20,9,21.955440327249214,"{0: 11, 1: 0, 2: 0, 3: 0, 4: 0}",1
210,False,"{'a': 0.8, 'e': 0.12116881635704835}",25,10,19.238455391895318,"{0: 15, 1: 0, 2: 0, 3: 0, 4: 0}",1
211,False,"{'a': 0.8, 'e': 0.11995712819347787}",30,4,4.468536511548757,"{0: 24, 1: 0, 2: 0, 3: 2, 4: 0}",1
212,False,"{'a': 0.8, 'e': 0.11875755691154309}",20,0,27.91460542743095,"{0: 20, 1: 0, 2: 0, 3: 0, 4: 0}",0
213,False,"{'a': 0.8, 'e': 0.11756998134242766}",30,11,15.887153169907112,"{0: 18, 1: 0, 2: 1, 3: 0, 4: 0}",1
214,False,"{'a': 0.8, 'e': 0.11639428152900338}",25,0,22.501688253692002,"{0: 24, 1: 0, 2: 1, 3: 0, 4: 0}",0
215,False,"{'a': 0.8, 'e': 0.11523033871371334}",20,8,-15.689995408983965,"{0: 11, 1: 0, 2: 0, 3: 0, 4: 1}",1
216,False,"{'a': 0.8, 'e': 0.1140780353265762}",20,8,7.498858824613086,"{0: 11, 1: 0, 2: 1, 3: 0, 4: 0}",1
217,False,"{'a': 0.8, 'e': 0.11293725497331045}",25,7,-6.786124298404419,"{0: 17, 1: 0, 2: 0, 3: 0, 4: 1}",1
218,False,"{'a': 0.8, 'e': 0.11180788242357734}",30,13,29.479024667780546,"{0: 17, 1: 0, 2: 0, 3: 0, 4: 0}",1
219,False,"{'a': 0.8, 'e': 0.11068980359934157}",20,8,-1.2902129019715,"{0: 10, 1: 0, 2: 2, 3: 0, 4: 0}",1
220,False,"{'a': 0.8, 'e': 0.10958290556334815}",25,14,22.556801483741822,"{0: 11, 1: 0, 2: 0, 3: 0, 4: 0}",1
221,False,"{'a': 0.8, 'e': 0.10848707650771466}",20,0,26.64131131084506,"{0: 20, 1: 0, 2: 0, 3: 0, 4: 0}",0
222,False,"{'a': 0.8, 'e': 0.10740220574263752}",30,16,16.447212000880725,"{0: 13, 1: 0, 2: 1, 3: 0, 4: 0}",1
223,False,"{'a': 0.8, 'e': 0.10632818368521114}",25,16,16.521655618265367,"{0: 9, 1: 0, 2: 0, 3: 0, 4: 0}",1
224,False,"{'a': 0.8, 'e': 0.10526490184835903}",25,12,13.448498003586135,"{0: 12, 1: 0, 2: 1, 3: 0, 4: 0}",1
225,False,"{'a': 0.8, 'e': 0.10421225282987544}",25,0,33.136839586461356,"{0: 24, 1: 1, 2: 0, 3: 0, 4: 0}",0
226,False,"{'a': 0.8, 'e': 0.10317013030157669}",25,16,6.790586121382086,"{0: 8, 1: 0, 2: 1, 3: 0, 4: 0}",1
227,False,"{'a': 0.8, 'e': 0.10213842899856092}",20,16,9.329366589656452,"{0: 4, 1: 0, 2: 0, 3: 0, 4: 0}",1
228,False,"{'a': 0.8, 'e': 0.10111704470857531}",30,1,14.16275658077283,"{0: 27, 1: 0, 2: 2, 3: 0, 4: 0}",1
229,False,"{'a': 0.8, 'e': 0.10010587426148955}",20,7,1.7386482660681604,"{0: 12, 1: 0, 2: 0, 3: 1, 4: 0}",1
230,False,"{'a': 0.8, 'e': 0.09910481551887466}",20,5,19.09283488716483,"{0: 14, 1: 1, 2: 0, 3: 0, 4: 0}",1
231,False,"{'a': 0.8, 'e': 0.0981137673636859}",20,13,-8.785344132227264,"{0: 6, 1: 0, 2: 0, 3: 1, 4: 0}",1
232,False,"{'a': 0.8, 'e': 0.09713262969004904}",20,11,18.46621002837803,"{0: 9, 1: 0, 2: 0, 3: 0, 4: 0}",1
233,False,"{'a': 0.8, 'e': 0.09616130339314856}",25,0,37.34449210701807,"{0: 25, 1: 0, 2: 0, 3: 0, 4: 0}",0
234,False,"{'a': 0.8, 'e': 0.09519969035921708}",20,11,12.04234672481661,"{0: 9, 1: 0, 2: 0, 3: 0, 4: 0}",1
235,False,"{'a': 0.8, 'e': 0.0942476934556249}",20,3,8.215341646898755,"{0: 15, 1: 1, 2: 1, 3: 0, 4: 0}",1
236,False,"{'a': 0.8, 'e': 0.09330521652106866}",25,11,24.43822226990323,"{0: 14, 1: 0, 2: 0, 3: 0, 4: 0}",1
237,False,"{'a': 0.8, 'e': 0.09237216435585796}",20,9,7.770516265409473,"{0: 10, 1: 0, 2: 1, 3: 0, 4: 0}",1
238,False,"{'a': 0.8, 'e': 0.09144844271229938}",20,8,14.137412307607487,"{0: 11, 1: 1, 2: 0, 3: 0, 4: 0}",1
239,False,"{'a': 0.8, 'e': 0.0905339582851764}",20,9,19.470233278425873,"{0: 11, 1: 0, 2: 0, 3: 0, 4: 0}",1
240,False,"{'a': 0.8, 'e': 0.08962861870232462}",25,14,20.83716509278479,"{0: 11, 1: 0, 2: 0, 3: 0, 4: 0}",1
241,False,"{'a': 0.8, 'e': 0.08873233251530138}",25,13,24.18886427917547,"{0: 12, 1: 0, 2: 0, 3: 0, 4: 0}",1
242,False,"{'a': 0.8, 'e': 0.08784500919014836}",20,9,13.835147974676278,"{0: 10, 1: 1, 2: 0, 3: 0, 4: 0}",1
243,False,"{'a': 0.8, 'e': 0.08696655909824688}",20,13,13.406150055511665,"{0: 7, 1: 0, 2: 0, 3: 0, 4: 0}",1
244,False,"{'a': 0.8, 'e': 0.0860968935072644}",25,2,-18.88346148779933,"{0: 21, 1: 0, 2: 1, 3: 0, 4: 1}",1
245,False,"{'a': 0.8, 'e': 0.08523592457219176}",20,0,26.112692984329424,"{0: 19, 1: 0, 2: 1, 3: 0, 4: 0}",0
246,False,"{'a': 0.8, 'e': 0.08438356532646984}",20,12,18.05341703524043,"{0: 8, 1: 0, 2: 0, 3: 0, 4: 0}",1
247,False,"{'a': 0.8, 'e': 0.08353972967320515}",20,7,21.684396756922652,"{0: 13, 1: 0, 2: 0, 3: 0, 4: 0}",1
248,False,"{'a': 0.8, 'e': 0.0827043323764731}",35,17,38.13823597772294,"{0: 18, 1: 0, 2: 0, 3: 0, 4: 0}",1
249,False,"{'a': 0.8, 'e': 0.08187728905270836}",20,13,-31.60546703018452,"{0: 6, 1: 0, 2: 0, 3: 0, 4: 1}",1
250,False,"{'a': 0.8, 'e': 0.08105851616218128}",20,12,15.464669803176577,"{0: 8, 1: 0, 2: 0, 3: 0, 4: 0}",1
251,False,"{'a': 0.8, 'e': 0.08024793100055946}",30,16,29.784814271958414,"{0: 14, 1: 0, 2: 0, 3: 0, 4: 0}",1
252,False,"{'a': 0.8, 'e': 0.07944545169055386}",30,10,36.086535087681526,"{0: 20, 1: 0, 2: 0, 3: 0, 4: 0}",1
253,False,"{'a': 0.8, 'e': 0.07865099717364833}",35,17,29.687242228548012,"{0: 18, 1: 0, 2: 0, 3: 0, 4: 0}",1
254,False,"{'a': 0.8, 'e': 0.07786448720191184}",20,16,6.714141362358654,"{0: 4, 1: 0, 2: 0, 3: 0, 4: 0}",1
255,False,"{'a': 0.8, 'e': 0.07708584232989273}",20,14,10.551097583898894,"{0: 6, 1: 0, 2: 0, 3: 0, 4: 0}",1
256,False,"{'a': 0.8, 'e': 0.0763149839065938}",20,7,13.391139183077707,"{0: 12, 1: 0, 2: 1, 3: 0, 4: 0}",1
257,False,"{'a': 0.8, 'e': 0.07555183406752786}",20,13,13.983465663407445,"{0: 7, 1: 0, 2: 0, 3: 0, 4: 0}",1
258,False,"{'a': 0.8, 'e': 0.07479631572685258}",35,0,48.86639133149008,"{0: 34, 1: 0, 2: 1, 3: 0, 4: 0}",0
259,False,"{'a': 0.8, 'e': 0.07404835256958406}",30,18,16.986919540079214,"{0: 11, 1: 1, 2: 0, 3: 0, 4: 0}",1
260,False,"{'a': 0.8, 'e': 0.07330786904388821}",20,6,12.883101999932723,"{0: 13, 1: 1, 2: 0, 3: 0, 4: 0}",1
261,False,"{'a': 0.8, 'e': 0.07257479035344933}",35,13,23.474731175348666,"{0: 21, 1: 0, 2: 1, 3: 0, 4: 0}",1
262,False,"{'a': 0.8, 'e': 0.07184904244991483}",20,12,12.36620737353451,"{0: 8, 1: 0, 2: 0, 3: 0, 4: 0}",1
263,False,"{'a': 0.8, 'e': 0.07113055202541568}",20,8,22.96186901862309,"{0: 12, 1: 0, 2: 0, 3: 0, 4: 0}",1
264,False,"{'a': 0.8, 'e': 0.07041924650516153}",25,8,21.11319025152964,"{0: 16, 1: 0, 2: 1, 3: 0, 4: 0}",1
265,False,"{'a': 0.8, 'e': 0.06971505404010991}",20,7,13.695532432209651,"{0: 12, 1: 1, 2: 0, 3: 0, 4: 0}",1
266,False,"{'a': 0.8, 'e': 0.06901790349970881}",20,13,7.983283228242089,"{0: 6, 1: 1, 2: 0, 3: 0, 4: 0}",1
267,False,"{'a': 0.8, 'e': 0.06832772446471172}",25,15,17.87259009202248,"{0: 10, 1: 0, 2: 0, 3: 0, 4: 0}",1
268,False,"{'a': 0.8, 'e': 0.0676444472200646}",30,19,20.476155869112716,"{0: 11, 1: 0, 2: 0, 3: 0, 4: 0}",1
269,False,"{'a': 0.8, 'e': 0.06696800274786396}",20,8,22.28015326310239,"{0: 12, 1: 0, 2: 0, 3: 0, 4: 0}",1
270,False,"{'a': 0.8, 'e': 0.06629832272038531}",20,14,12.397770241773411,"{0: 6, 1: 0, 2: 0, 3: 0, 4: 0}",1
271,False,"{'a': 0.8, 'e': 0.06563533949318147}",25,10,27.5176865573765,"{0: 15, 1: 0, 2: 0, 3: 0, 4: 0}",1
272,False,"{'a': 0.8, 'e': 0.06497898609824965}",30,22,14.762962147427292,"{0: 8, 1: 0, 2: 0, 3: 0, 4: 0}",1
273,False,"{'a': 0.8, 'e': 0.06432919623726716}",20,13,14.555812327556513,"{0: 7, 1: 0, 2: 0, 3: 0, 4: 0}",1
274,False,"{'a': 0.8, 'e': 0.06368590427489448}",25,7,35.0877573293052,"{0: 18, 1: 0, 2: 0, 3: 0, 4: 0}",1
275,False,"{'a': 0.8, 'e': 0.06304904523214554}",20,9,19.723007620222123,"{0: 11, 1: 0, 2: 0, 3: 0, 4: 0}",1
276,False,"{'a': 0.8, 'e': 0.06241855477982408}",25,3,32.39213050060831,"{0: 21, 1: 1, 2: 0, 3: 0, 4: 0}",1
277,False,"{'a': 0.8, 'e': 0.06179436923202584}",20,0,26.561217177647695,"{0: 20, 1: 0, 2: 0, 3: 0, 4: 0}",0
278,False,"{'a': 0.8, 'e': 0.06117642553970558}",25,14,16.826197423126747,"{0: 11, 1: 0, 2: 0, 3: 0, 4: 0}",1
279,False,"{'a': 0.8, 'e': 0.06056466128430853}",20,12,16.253736523540503,"{0: 8, 1: 0, 2: 0, 3: 0, 4: 0}",1
280,False,"{'a': 0.8, 'e': 0.05995901467146544}",30,18,20.38456683368685,"{0: 12, 1: 0, 2: 0, 3: 0, 4: 0}",1
281,False,"{'a': 0.8, 'e': 0.059359424524750785}",25,15,16.17184974018024,"{0: 10, 1: 0, 2: 0, 3: 0, 4: 0}",1
282,False,"{'a': 0.8, 'e': 0.05876583027950327}",25,16,13.50936724773255,"{0: 9, 1: 0, 2: 0, 3: 0, 4: 0}",1
283,False,"{'a': 0.8, 'e': 0.05817817197670824}",25,17,17.654890176980484,"{0: 8, 1: 0, 2: 0, 3: 0, 4: 0}",1
284,False,"{'a': 0.8, 'e': 0.05759639025694116}",25,0,33.607604317766075,"{0: 25, 1: 0, 2: 0, 3: 0, 4: 0}",0
285,False,"{'a': 0.8, 'e': 0.057020426354371746}",20,0,7.282784038240322,"{0: 18, 1: 0, 2: 2, 3: 0, 4: 0}",0
286,False,"{'a': 0.8, 'e': 0.05645022209082803}",25,16,14.726957312775,"{0: 9, 1: 0, 2: 0, 3: 0, 4: 0}",1
287,False,"{'a': 0.8, 'e': 0.05588571986991975}",25,10,29.420515391225404,"{0: 15, 1: 0, 2: 0, 3: 0, 4: 0}",1
288,False,"{'a': 0.8, 'e': 0.05532686267122055}",20,0,35.1532007650067,"{0: 20, 1: 0, 2: 0, 3: 0, 4: 0}",0
289,False,"{'a': 0.8, 'e': 0.05477359404450834}",25,19,11.296679013652188,"{0: 6, 1: 0, 2: 0, 3: 0, 4: 0}",1
290,False,"{'a': 0.8, 'e': 0.05422585810406326}",30,12,32.00303508113882,"{0: 18, 1: 0, 2: 0, 3: 0, 4: 0}",1
291,False,"{'a': 0.8, 'e': 0.05368359952302263}",25,11,24.37434500006275,"{0: 14, 1: 0, 2: 0, 3: 0, 4: 0}",1
292,False,"{'a': 0.8, 'e': 0.0531467635277924}",20,15,-0.9063593016828111,"{0: 4, 1: 0, 2: 1, 3: 0, 4: 0}",1
293,False,"{'a': 0.8, 'e': 0.05261529589251448}",20,2,30.599212483685378,"{0: 18, 1: 0, 2: 0, 3: 0, 4: 0}",1
294,False,"{'a': 0.8, 'e': 0.05208914293358933}",20,12,18.205656740442798,"{0: 8, 1: 0, 2: 0, 3: 0, 4: 0}",1
295,False,"{'a': 0.8, 'e': 0.05156825150425344}",25,13,25.591906012859127,"{0: 12, 1: 0, 2: 0, 3: 0, 4: 0}",1
296,False,"{'a': 0.8, 'e': 0.0510525689892109}",25,15,16.579658571448167,"{0: 10, 1: 0, 2: 0, 3: 0, 4: 0}",1
297,False,"{'a': 0.8, 'e': 0.050542043299318794}",20,5,23.889575001950742,"{0: 15, 1: 0, 2: 0, 3: 0, 4: 0}",1
298,False,"{'a': 0.8, 'e': 0.050036622866325604}",25,0,39.70816253726839,"{0: 25, 1: 0, 2: 0, 3: 0, 4: 0}",0
299,False,"{'a': 0.8, 'e': 0.04953625663766235}",20,8,21.28094622453543,"{0: 12, 1: 0, 2: 0, 3: 0, 4: 0}",1
300,False,"{'a': 0.8, 'e': 0.04904089407128572}",25,14,-0.16810653654033825,"{0: 10, 1: 0, 2: 0, 3: 1, 4: 0}",1
301,False,"{'a': 0.8, 'e': 0.04855048513057287}",20,15,-11.501424347042025,"{0: 4, 1: 0, 2: 0, 3: 1, 4: 0}",1
302,False,"{'a': 0.8, 'e': 0.04806498027926714}",25,11,11.41802386139843,"{0: 13, 1: 0, 2: 1, 3: 0, 4: 0}",1
303,False,"{'a': 0.8, 'e': 0.047584330476474465}",25,12,29.353651791529398,"{0: 13, 1: 0, 2: 0, 3: 0, 4: 0}",1
304,False,"{'a': 0.8, 'e': 0.04710848717170972}",30,10,17.240591755995027,"{0: 19, 1: 0, 2: 0, 3: 1, 4: 0}",1
305,False,"{'a': 0.8, 'e': 0.04663740229999262}",30,20,16.790636278588877,"{0: 10, 1: 0, 2: 0, 3: 0, 4: 0}",1
306,False,"{'a': 0.8, 'e': 0.046171028276992696}",30,21,-24.907547355290653,"{0: 8, 1: 0, 2: 0, 3: 0, 4: 1}",1
307,False,"{'a': 0.8, 'e': 0.045709317994222766}",20,7,24.08024929439468,"{0: 13, 1: 0, 2: 0, 3: 0, 4: 0}",1
308,False,"{'a': 0.8, 'e': 0.04525222481428054}",30,16,27.828979583018572,"{0: 14, 1: 0, 2: 0, 3: 0, 4: 0}",1
309,False,"{'a': 0.8, 'e': 0.04479970256613774}",20,13,0.4245144467214341,"{0: 6, 1: 0, 2: 1, 3: 0, 4: 0}",1
310,False,"{'a': 0.8, 'e': 0.044351705540476356}",30,18,19.98924841065067,"{0: 12, 1: 0, 2: 0, 3: 0, 4: 0}",1
311,False,"{'a': 0.8, 'e': 0.043908188485071595}",25,15,21.218478282217728,"{0: 10, 1: 0, 2: 0, 3: 0, 4: 0}",1
312,False,"{'a': 0.8, 'e': 0.04346910660022087}",25,15,19.807359380556957,"{0: 10, 1: 0, 2: 0, 3: 0, 4: 0}",1
313,False,"{'a': 0.8, 'e': 0.04303441553421867}",25,13,-27.759926602899966,"{0: 10, 1: 0, 2: 1, 3: 0, 4: 1}",1
314,False,"{'a': 0.8, 'e': 0.04260407137887648}",20,13,13.974971782101534,"{0: 7, 1: 0, 2: 0, 3: 0, 4: 0}",1
315,False,"{'a': 0.8, 'e': 0.04217803066508771}",25,14,23.435764402274984,"{0: 11, 1: 0, 2: 0, 3: 0, 4: 0}",1
316,False,"{'a': 0.8, 'e': 0.04175625035843684}",20,0,33.5082507876398,"{0: 20, 1: 0, 2: 0, 3: 0, 4: 0}",0
317,False,"{'a': 0.8, 'e': 0.041338687854852466}",20,7,24.966199480245617,"{0: 13, 1: 0, 2: 0, 3: 0, 4: 0}",1
318,False,"{'a': 0.8, 'e': 0.040925300976303945}",20,16,9.12303432232706,"{0: 4, 1: 0, 2: 0, 3: 0, 4: 0}",1
319,False,"{'a': 0.8, 'e': 0.0405160479665409}",25,8,31.205968441690178,"{0: 17, 1: 0, 2: 0, 3: 0, 4: 0}",1
320,False,"{'a': 0.8, 'e': 0.040110887486875496}",25,15,20.247658853581008,"{0: 10, 1: 0, 2: 0, 3: 0, 4: 0}",1
321,False,"{'a': 0.8, 'e': 0.03970977861200674}",30,9,0.007141926332276283,"{0: 20, 1: 0, 2: 0, 3: 0, 4: 1}",1
322,False,"{'a': 0.8, 'e': 0.039312680825886674}",20,3,28.404801803247082,"{0: 17, 1: 0, 2: 0, 3: 0, 4: 0}",1
323,False,"{'a': 0.8, 'e': 0.038919554017627804}",20,14,11.557952843230412,"{0: 6, 1: 0, 2: 0, 3: 0, 4: 0}",1
324,False,"{'a': 0.8, 'e': 0.03853035847745152}",25,7,27.0269201315435,"{0: 18, 1: 0, 2: 0, 3: 0, 4: 0}",1
325,False,"{'a': 0.8, 'e': 0.03814505489267701}",25,12,24.196216253168572,"{0: 13, 1: 0, 2: 0, 3: 0, 4: 0}",1
326,False,"{'a': 0.8, 'e': 0.03776360434375024}",25,20,9.889256559823933,"{0: 5, 1: 0, 2: 0, 3: 0, 4: 0}",1
327,False,"{'a': 0.8, 'e': 0.03738596830031274}",35,25,19.801636226454583,"{0: 10, 1: 0, 2: 0, 3: 0, 4: 0}",1
328,False,"{'a': 0.8, 'e': 0.03701210861730961}",25,12,25.425586092124977,"{0: 13, 1: 0, 2: 0, 3: 0, 4: 0}",1
329,False,"{'a': 0.8, 'e': 0.03664198753113651}",25,8,17.15213588965519,"{0: 16, 1: 0, 2: 1, 3: 0, 4: 0}",1
330,False,"{'a': 0.8, 'e': 0.036275567655825146}",20,16,6.970267174214638,"{0: 4, 1: 0, 2: 0, 3: 0, 4: 0}",1
331,False,"{'a': 0.8, 'e': 0.03591281197926689}",30,18,20.50349596761296,"{0: 12, 1: 0, 2: 0, 3: 0, 4: 0}",1
332,False,"{'a': 0.8, 'e': 0.035553683859474224}",20,11,15.274302380082025,"{0: 9, 1: 0, 2: 0, 3: 0, 4: 0}",1
333,False,"{'a': 0.8, 'e': 0.035198147020879485}",30,10,36.44398155758805,"{0: 20, 1: 0, 2: 0, 3: 0, 4: 0}",1
334,False,"{'a': 0.8, 'e': 0.03484616555067069}",25,10,28.997545329975118,"{0: 15, 1: 0, 2: 0, 3: 0, 4: 0}",1
335,False,"{'a': 0.8, 'e': 0.03449770389516398}",20,10,18.464542512589972,"{0: 10, 1: 0, 2: 0, 3: 0, 4: 0}",1
336,False,"{'a': 0.8, 'e': 0.03415272685621234}",30,15,23.886010064273812,"{0: 15, 1: 0, 2: 0, 3: 0, 4: 0}",1
337,False,"{'a': 0.8, 'e': 0.03381119958765022}",35,16,31.59367916393589,"{0: 19, 1: 0, 2: 0, 3: 0, 4: 0}",1
338,False,"{'a': 0.8, 'e': 0.03347308759177372}",30,19,20.873502496743264,"{0: 11, 1: 0, 2: 0, 3: 0, 4: 0}",1
339,False,"{'a': 0.8, 'e': 0.03313835671585598}",25,7,33.92351450673087,"{0: 18, 1: 0, 2: 0, 3: 0, 4: 0}",1
340,False,"{'a': 0.8, 'e': 0.03280697314869742}",30,14,28.138124048291182,"{0: 16, 1: 0, 2: 0, 3: 0, 4: 0}",1
341,False,"{'a': 0.8, 'e': 0.03247890341721044}",25,14,21.41753894184902,"{0: 11, 1: 0, 2: 0, 3: 0, 4: 0}",1
342,False,"{'a': 0.8, 'e': 0.03215411438303834}",25,13,22.229469182221212,"{0: 12, 1: 0, 2: 0, 3: 0, 4: 0}",1
343,False,"{'a': 0.8, 'e': 0.031832573239207955}",20,9,19.956455655104822,"{0: 11, 1: 0, 2: 0, 3: 0, 4: 0}",1
344,False,"{'a': 0.8, 'e': 0.031514247506815876}",20,3,32.264604511514065,"{0: 17, 1: 0, 2: 0, 3: 0, 4: 0}",1
345,False,"{'a': 0.8, 'e': 0.031199105031747717}",25,16,14.000807476781489,"{0: 9, 1: 0, 2: 0, 3: 0, 4: 0}",1
346,False,"{'a': 0.8, 'e': 0.03088711398143024}",25,17,13.793679699997579,"{0: 8, 1: 0, 2: 0, 3: 0, 4: 0}",1
347,False,"{'a': 0.8, 'e': 0.030578242841615935}",35,18,32.26380903066393,"{0: 17, 1: 0, 2: 0, 3: 0, 4: 0}",1
348,False,"{'a': 0.8, 'e': 0.030272460413199778}",35,14,35.06826239145328,"{0: 21, 1: 0, 2: 0, 3: 0, 4: 0}",1
349,False,"{'a': 0.8, 'e': 0.02996973580906778}",30,11,37.40018069120637,"{0: 19, 1: 0, 2: 0, 3: 0, 4: 0}",1
1,True,"{'a': 0, 'e': 0}",20,10,17.774805516726246,"{0: 10, 1: 0, 2: 0, 3: 0, 4: 0}",1
2,True,"{'a': 0, 'e': 0}",20,6,28.115992217059098,"{0: 14, 1: 0, 2: 0, 3: 0, 4: 0}",1
3,True,"{'a': 0, 'e': 0}",25,15,19.07864209359163,"{0: 10, 1: 0, 2: 0, 3: 0, 4: 0}",1
4,True,"{'a': 0, 'e': 0}",20,14,11.810524774400044,"{0: 6, 1: 0, 2: 0, 3: 0, 4: 0}",1
5,True,"{'a': 0, 'e': 0}",35,17,34.46103845801828,"{0: 18, 1: 0, 2: 0, 3: 0, 4: 0}",1
6,True,"{'a': 0, 'e': 0}",30,16,25.583262415478377,"{0: 14, 1: 0, 2: 0, 3: 0, 4: 0}",1
7,True,"{'a': 0, 'e': 0}",25,15,18.862993103795112,"{0: 10, 1: 0, 2: 0, 3: 0, 4: 0}",1
8,True,"{'a': 0, 'e': 0}",20,12,15.723005548416442,"{0: 8, 1: 0, 2: 0, 3: 0, 4: 0}",1
9,True,"{'a': 0, 'e': 0}",25,7,36.11048168351138,"{0: 18, 1: 0, 2: 0, 3: 0, 4: 0}",1
10,True,"{'a': 0, 'e': 0}",20,12,13.283098323843205,"{0: 8, 1: 0, 2: 0, 3: 0, 4: 0}",1
11,True,"{'a': 0, 'e': 0}",25,13,27.653651338013127,"{0: 12, 1: 0, 2: 0, 3: 0, 4: 0}",1
12,True,"{'a': 0, 'e': 0}",30,9,36.95225879295354,"{0: 21, 1: 0, 2: 0, 3: 0, 4: 0}",1
13,True,"{'a': 0, 'e': 0}",20,12,17.077708515029716,"{0: 8, 1: 0, 2: 0, 3: 0, 4: 0}",1
14,True,"{'a': 0, 'e': 0}",25,13,22.193806364838913,"{0: 12, 1: 0, 2: 0, 3: 0, 4: 0}",1
15,True,"{'a': 0, 'e': 0}",20,13,14.933177154790354,"{0: 7, 1: 0, 2: 0, 3: 0, 4: 0}",1
16,True,"{'a': 0, 'e': 0}",25,11,27.39895904353441,"{0: 14, 1: 0, 2: 0, 3: 0, 4: 0}",1
17,True,"{'a': 0, 'e': 0}",20,14,9.43012406189068,"{0: 6, 1: 0, 2: 0, 3: 0, 4: 0}",1
18,True,"{'a': 0, 'e': 0}",30,17,28.2826597392165,"{0: 13, 1: 0, 2: 0, 3: 0, 4: 0}",1
19,True,"{'a': 0, 'e': 0}",25,8,29.538332630849087,"{0: 17, 1: 0, 2: 0, 3: 0, 4: 0}",1
20,True,"{'a': 0, 'e': 0}",20,7,24.47202951321867,"{0: 13, 1: 0, 2: 0, 3: 0, 4: 0}",1
